Workbook

Sheet Liking_8yogurts
B1: P1 | C1: P2 | D1: P3 | E1: P4 | F1: P5 | G1: P6 | H1: P7 | I1: P8
A2: C 1 | B2: 3 | C2: 4 | D2: 1 | E2: 6 | F2: 4 | G2: 1 | H2: 2 | I2: 4
A3: C 2 | B3: 7 | C3: 6 | D3: 1 | E3: 5 | F3: 2 | G3: 1 | H3: 3 | I3: 4
A4: C 3 | B4: 3 | C4: 6 | D4: 3 | E4: 7 | F4: 3 | G4: 2 | H4: 6 | I4: 3
A5: C 4 | B5: 2 | C5: 7 | D5: 2 | E5: 3 | F5: 2 | G5: 2 | H5: 2 | I5: 4
A6: C 5 | B6: 2 | C6: 6 | D6: 2 | E6: 4 | F6: 3 | G6: 3 | H6: 4 | I6: 6
A7: C 6 | B7: 1 | C7: 3 | D7: 1 | E7: 6 | F7: 6 | G7: 1 | H7: 2 | I7: 2
A8: C 7 | B8: 2 | C8: 3 | D8: 1 | E8: 4 | F8: 2 | G8: 2 | H8: 5 | I8: 4
A9: C 8 | B9: 6 | C9: 6 | D9: 3 | E9: 6 | F9: 1 | G9: 1 | H9: 4 | I9: 4
A10: C 9 | B10: 6 | C10: 7 | D10: 2 | E10: 6 | F10: 5 | G10: 1 | H10: 3 | I10: 7
A11: C 10 | B11: 7 | C11: 6 | D11: 2 | E11: 2 | F11: 3 | G11: 1 | H11: 2 | I11: 4
A12: C 11 | B12: 2 | C12: 2 | D12: 1 | E12: 3 | F12: 2 | G12: 1 | H12: 5 | I12: 1
A13: C 12 | B13: 5 | C13: 7 | D13: 1 | E13: 5 | F13: 2 | G13: 3 | H13: 6 | I13: 6
... A168: C 167 | B168: 1 | C168: 1 | D168: 5 | E168: 1 | F168: 5 | G168: 3 | H168: 1 | I168: 1

Sheet option 1
A1: Consumer | B1: Product | C1: Liking
A2: C 1 | B2: P1 | C2: 3
A3: C 1 | B3: P2 | C3: 4
A4: C 1 | B4: P3 | C4: 1
A5: C 1 | B5: P4 | C5: 6
A6: C 1 | B6: P5 | C6: 4
A7: C 1 | B7: P6 | C7: 1
A8: C 1 | B8: P7 | C8: 2
A9: C 1 | B9: P8 | C9: 4
A10: C 2 | B10: P1 | C10: 7
A11: C 2 | B11: P2 | C11: 6
A12: C 2 | B12: P3 | C12: 1
A13: C 2 | B13: P4 | C13: 5
... A25: C 3 | B25: P8 | C25: 3

Sheet option 2
C1: P1 | D1: P2 | E1: P3 | F1: P4 | G1: P5 | H1: P6 | I1: P7 | J1: P8
A2: C 1 | B2: P1 | C2: 3 | D2: 4 | E2: 1 | F2: 6 | G2: 4 | H2: 1 | I2: 2 | J2: 4
A3: C 2 | B3: P1 | C3: 7 | D3: 6 | E3: 1 | F3: 5 | G3: 2 | H3: 1 | I3: 3 | J3: 4
A4: C 3 | B4: P1 | C4: 3 | D4: 6 | E4: 3 | F4: 7 | G4: 3 | H4: 2 | I4: 6 | J4: 3
A5: C 4 | B5: P1 | C5: 2 | D5: 7 | E5: 2 | F5: 3 | G5: 2 | H5: 2 | I5: 2 | J5: 4
A6: C 5 | B6: P1 | C6: 2 | D6: 6 | E6: 2 | F6: 4 | G6: 3 | H6: 3 | I6: 4 | J6: 6
A7: C 6 | B7: P1 | C7: 1 | D7: 3 | E7: 1 | F7: 6 | G7: 6 | H7: 1 | I7: 2 | J7: 2
A8: C 7 | B8: P1 | C8: 2 | D8: 3 | E8: 1 | F8: 4 | G8: 2 | H8: 2 | I8: 5 | J8: 4
A9: C 8 | B9: P1 | C9: 6 | D9: 6 | E9: 3 | F9: 6 | G9: 1 | H9: 1 | I9: 4 | J9: 4
A10: C 9 | B10: P1 | C10: 6 | D10: 7 | E10: 2 | F10: 6 | G10: 5 | H10: 1 | I10: 3 | J10: 7
A11: C 10 | B11: P1 | C11: 7 | D11: 6 | E11: 2 | F11: 2 | G11: 3 | H11: 1 | I11: 2 | J11: 4
A12: C 11 | B12: P1 | C12: 2 | D12: 2 | E12: 1 | F12: 3 | G12: 2 | H12: 1 | I12: 5 | J12: 1
A13: C 12 | B13: P1 | C13: 5 | D13: 7 | E13: 1 | F13: 5 | G13: 2 | H13: 3 | I13: 6 | J13: 6
... A168: C 167 | B168: P1 | C168: 1 | D168: 1 | E168: 5 | F168: 1 | G168: 5 | H168: 3 | I168: 1 | J168: 1
B169: P2 | C169: 4
B170: P2 | C170: 6
B171: P2 | C171: 6
B172: P2 | C172: 7
B173: P2 | C173: 6
B174: P2 | C174: 3
B175: P2 | C175: 3
B176: P2 | C176: 6
B177: P2 | C177: 7
B178: P2 | C178: 6
B179: P2 | C179: 2
B180: P2 | C180: 7
... B335: P2 | C335: 1

Sheet option 3
A1: Consumer | B1: Product | C1: Liking
A2: C 1 | B2: P1 | R2: =INDEX(Liking_8yogurts!$B$2:$I$168,MATCH('option 3'!A2,Liking_8yogurts!$A$2:$A$168,0),MATCH('option 3'!B2,Liking_8yogurts!$B$1:$I$1,0)) -> 3
A3: C 2 | B3: P1
A4: C 3 | B4: P1
A5: C 4 | B5: P1
A6: C 5 | B6: P1
A7: C 6 | B7: P1
A8: C 7 | B8: P1
A9: C 8 | B9: P1
A10: C 9 | B10: P1
A11: C 10 | B11: P1
A12: C 11 | B12: P1
A13: C 12 | B13: P1
A14: C 13 | B14: P1
... A1337: C 167 | B1337: P8

Sheet basic computation
A1: Consumer | B1: Product | C1: Liking
A2: C 1 | B2: P1 | C2: =INDEX(Liking_8yogurts!$B$2:$I$168,MATCH('basic computation'!A2,Liking_8yogurts!$A$2:$A$168,0),MATCH('basic computation'!B2,Liking_8yogurts!$B$1:$I$1,0)) -> 3 | E2: Grouping | F2: Criteria | G2: Count
A3: C 2 | B3: P1 | C3: =INDEX(Liking_8yogurts!$B$2:$I$168,MATCH('basic computation'!A3,Liking_8yogurts!$A$2:$A$168,0),MATCH('basic computation'!B3,Liking_8yogurts!$B$1:$I$1,0)) -> 7 | E3: Liking | F3: 3
A4: C 3 | B4: P1 | C4: =INDEX(Liking_8yogurts!$B$2:$I$168,MATCH('basic computation'!A4,Liking_8yogurts!$A$2:$A$168,0),MATCH('basic computation'!B4,Liking_8yogurts!$B$1:$I$1,0)) -> 3 | E4: Product | F4: P2
A5: C 4 | B5: P1 | C5: =INDEX(Liking_8yogurts!$B$2:$I$168,MATCH('basic computation'!A5,Liking_8yogurts!$A$2:$A$168,0),MATCH('basic computation'!B5,Liking_8yogurts!$B$1:$I$1,0)) -> 2 | E5: Consumer | F5: C 20
A6: C 5 | B6: P1 | C6: =INDEX(Liking_8yogurts!$B$2:$I$168,MATCH('basic computation'!A6,Liking_8yogurts!$A$2:$A$168,0),MATCH('basic computation'!B6,Liking_8yogurts!$B$1:$I$1,0)) -> 2 | E6: Product | F6: P7
A7: C 6 | B7: P1 | C7: =INDEX(Liking_8yogurts!$B$2:$I$168,MATCH('basic computation'!A7,Liking_8yogurts!$A$2:$A$168,0),MATCH('basic computation'!B7,Liking_8yogurts!$B$1:$I$1,0)) -> 1 | E7: Liking | F7: 3
A8: C 7 | B8: P1 | C8: =INDEX(Liking_8yogurts!$B$2:$I$168,MATCH('basic computation'!A8,Liking_8yogurts!$A$2:$A$168,0),MATCH('basic computation'!B8,Liking_8yogurts!$B$1:$I$1,0)) -> 2
A9: C 8 | B9: P1 | C9: =INDEX(Liking_8yogurts!$B$2:$I$168,MATCH('basic computation'!A9,Liking_8yogurts!$A$2:$A$168,0),MATCH('basic computation'!B9,Liking_8yogurts!$B$1:$I$1,0)) -> 6
A10: C 9 | B10: P1 | C10: =INDEX(Liking_8yogurts!$B$2:$I$168,MATCH('basic computation'!A10,Liking_8yogurts!$A$2:$A$168,0),MATCH('basic computation'!B10,Liking_8yogurts!$B$1:$I$1,0)) -> 6
A11: C 10 | B11: P1 | C11: =INDEX(Liking_8yogurts!$B$2:$I$168,MATCH('basic computation'!A11,Liking_8yogurts!$A$2:$A$168,0),MATCH('basic computation'!B11,Liking_8yogurts!$B$1:$I$1,0)) -> 7 | E11: Average liking of P2
A12: C 11 | B12: P1 | C12: =INDEX(Liking_8yogurts!$B$2:$I$168,MATCH('basic computation'!A12,Liking_8yogurts!$A$2:$A$168,0),MATCH('basic computation'!B12,Liking_8yogurts!$B$1:$I$1,0)) -> 2
A13: C 12 | B13: P1 | C13: =INDEX(Liking_8yogurts!$B$2:$I$168,MATCH('basic computation'!A13,Liking_8yogurts!$A$2:$A$168,0),MATCH('basic computation'!B13,Liking_8yogurts!$B$1:$I$1,0)) -> 5
A14: C 13 | B14: P1 | C14: =INDEX(Liking_8yogurts!$B$2:$I$168,MATCH('basic computation'!A14,Liking_8yogurts!$A$2:$A$168,0),MATCH('basic computation'!B14,Liking_8yogurts!$B$1:$I$1,0)) -> 2
A15: C 14 | B15: P1 | C15: =INDEX(Liking_8yogurts!$B$2:$I$168,MATCH('basic computation'!A15,Liking_8yogurts!$A$2:$A$168,0),MATCH('basic computation'!B15,Liking_8yogurts!$B$1:$I$1,0)) -> 4
A16: C 15 | B16: P1 | C16: =INDEX(Liking_8yogurts!$B$2:$I$168,MATCH('basic computation'!A16,Liking_8yogurts!$A$2:$A$168,0),MATCH('basic computation'!B16,Liking_8yogurts!$B$1:$I$1,0)) -> 1
A17: C 16 | B17: P1 | C17: =INDEX(Liking_8yogurts!$B$2:$I$168,MATCH('basic computation'!A17,Liking_8yogurts!$A$2:$A$168,0),MATCH('basic computation'!B17,Liking_8yogurts!$B$1:$I$1,0)) -> 5
A18: C 17 | B18: P1 | C18: =INDEX(Liking_8yogurts!$B$2:$I$168,MATCH('basic computation'!A18,Liking_8yogurts!$A$2:$A$168,0),MATCH('basic computation'!B18,Liking_8yogurts!$B$1:$I$1,0)) -> 5
A19: C 18 | B19: P1 | C19: =INDEX(Liking_8yogurts!$B$2:$I$168,MATCH('basic computation'!A19,Liking_8yogurts!$A$2:$A$168,0),MATCH('basic computation'!B19,Liking_8yogurts!$B$1:$I$1,0)) -> 7
A20: C 19 | B20: P1 | C20: =INDEX(Liking_8yogurts!$B$2:$I$168,MATCH('basic computation'!A20,Liking_8yogurts!$A$2:$A$168,0),MATCH('basic computation'!B20,Liking_8yogurts!$B$1:$I$1,0)) -> 2
A21: C 20 | B21: P1 | C21: =INDEX(Liking_8yogurts!$B$2:$I$168,MATCH('basic computation'!A21,Liking_8yogurts!$A$2:$A$168,0),MATCH('basic computation'!B21,Liking_8yogurts!$B$1:$I$1,0)) -> 6
A22: C 21 | B22: P1 | C22: =INDEX(Liking_8yogurts!$B$2:$I$168,MATCH('basic computation'!A22,Liking_8yogurts!$A$2:$A$168,0),MATCH('basic computation'!B22,Liking_8yogurts!$B$1:$I$1,0)) -> 2
A23: C 22 | B23: P1 | C23: =INDEX(Liking_8yogurts!$B$2:$I$168,MATCH('basic computation'!A23,Liking_8yogurts!$A$2:$A$168,0),MATCH('basic computation'!B23,Liking_8yogurts!$B$1:$I$1,0)) -> 6
... A1337: C 167 | B1337: P8 | C1337: =INDEX(Liking_8yogurts!$B$2:$I$168,MATCH('basic computation'!A1337,Liking_8yogurts!$A$2:$A$168,0),MATCH('basic computation'!B1337,Liking_8yogurts!$B$1:$I$1,0)) -> 1

Sheet visualization
A1: Consumer | B1: Product | C1: Liking
A2: C 1 | B2: P1 | C2: =INDEX(Liking_8yogurts!$B$2:$I$168,MATCH(visualization!A2,Liking_8yogurts!$A$2:$A$168,0),MATCH(visualization!B2,Liking_8yogurts!$B$1:$I$1,0)) -> 3
A3: C 2 | B3: P1 | C3: =INDEX(Liking_8yogurts!$B$2:$I$168,MATCH(visualization!A3,Liking_8yogurts!$A$2:$A$168,0),MATCH(visualization!B3,Liking_8yogurts!$B$1:$I$1,0)) -> 7
A4: C 3 | B4: P1 | C4: =INDEX(Liking_8yogurts!$B$2:$I$168,MATCH(visualization!A4,Liking_8yogurts!$A$2:$A$168,0),MATCH(visualization!B4,Liking_8yogurts!$B$1:$I$1,0)) -> 3 | H4: Averaged liking
A5: C 4 | B5: P1 | C5: =INDEX(Liking_8yogurts!$B$2:$I$168,MATCH(visualization!A5,Liking_8yogurts!$A$2:$A$168,0),MATCH(visualization!B5,Liking_8yogurts!$B$1:$I$1,0)) -> 2 | G5: P1 | H5: =AVERAGEIF(B:B,G5,C:C) -> 3.7065868
A6: C 5 | B6: P1 | C6: =INDEX(Liking_8yogurts!$B$2:$I$168,MATCH(visualization!A6,Liking_8yogurts!$A$2:$A$168,0),MATCH(visualization!B6,Liking_8yogurts!$B$1:$I$1,0)) -> 2 | G6: P2 | H6: =AVERAGEIF(B:B,G6,C:C) -> 4.7844311
A7: C 6 | B7: P1 | C7: =INDEX(Liking_8yogurts!$B$2:$I$168,MATCH(visualization!A7,Liking_8yogurts!$A$2:$A$168,0),MATCH(visualization!B7,Liking_8yogurts!$B$1:$I$1,0)) -> 1 | G7: P3 | H7: =AVERAGEIF(B:B,G7,C:C) -> 2.9311377
A8: C 7 | B8: P1 | C8: =INDEX(Liking_8yogurts!$B$2:$I$168,MATCH(visualization!A8,Liking_8yogurts!$A$2:$A$168,0),MATCH(visualization!B8,Liking_8yogurts!$B$1:$I$1,0)) -> 2 | G8: P4 | H8: =AVERAGEIF(B:B,G8,C:C) -> 4.8592814
A9: C 8 | B9: P1 | C9: =INDEX(Liking_8yogurts!$B$2:$I$168,MATCH(visualization!A9,Liking_8yogurts!$A$2:$A$168,0),MATCH(visualization!B9,Liking_8yogurts!$B$1:$I$1,0)) -> 6 | G9: P5 | H9: =AVERAGEIF(B:B,G9,C:C) -> 3.745509
A10: C 9 | B10: P1 | C10: =INDEX(Liking_8yogurts!$B$2:$I$168,MATCH(visualization!A10,Liking_8yogurts!$A$2:$A$168,0),MATCH(visualization!B10,Liking_8yogurts!$B$1:$I$1,0)) -> 6 | G10: P6 | H10: =AVERAGEIF(B:B,G10,C:C) -> 2.6047904
A11: C 10 | B11: P1 | C11: =INDEX(Liking_8yogurts!$B$2:$I$168,MATCH(visualization!A11,Liking_8yogurts!$A$2:$A$168,0),MATCH(visualization!B11,Liking_8yogurts!$B$1:$I$1,0)) -> 7 | G11: P7 | H11: =AVERAGEIF(B:B,G11,C:C) -> 4.3592814
A12: C 11 | B12: P1 | C12: =INDEX(Liking_8yogurts!$B$2:$I$168,MATCH(visualization!A12,Liking_8yogurts!$A$2:$A$168,0),MATCH(visualization!B12,Liking_8yogurts!$B$1:$I$1,0)) -> 2 | G12: P8 | H12: =AVERAGEIF(B:B,G12,C:C) -> 4.3413174
A13: C 12 | B13: P1 | C13: =INDEX(Liking_8yogurts!$B$2:$I$168,MATCH(visualization!A13,Liking_8yogurts!$A$2:$A$168,0),MATCH(visualization!B13,Liking_8yogurts!$B$1:$I$1,0)) -> 5
A14: C 13 | B14: P1 | C14: =INDEX(Liking_8yogurts!$B$2:$I$168,MATCH(visualization!A14,Liking_8yogurts!$A$2:$A$168,0),MATCH(visualization!B14,Liking_8yogurts!$B$1:$I$1,0)) -> 2
A15: C 14 | B15: P1 | C15: =INDEX(Liking_8yogurts!$B$2:$I$168,MATCH(visualization!A15,Liking_8yogurts!$A$2:$A$168,0),MATCH(visualization!B15,Liking_8yogurts!$B$1:$I$1,0)) -> 4
A16: C 15 | B16: P1 | C16: =INDEX(Liking_8yogurts!$B$2:$I$168,MATCH(visualization!A16,Liking_8yogurts!$A$2:$A$168,0),MATCH(visualization!B16,Liking_8yogurts!$B$1:$I$1,0)) -> 1
A17: C 16 | B17: P1 | C17: =INDEX(Liking_8yogurts!$B$2:$I$168,MATCH(visualization!A17,Liking_8yogurts!$A$2:$A$168,0),MATCH(visualization!B17,Liking_8yogurts!$B$1:$I$1,0)) -> 5
A18: C 17 | B18: P1 | C18: =INDEX(Liking_8yogurts!$B$2:$I$168,MATCH(visualization!A18,Liking_8yogurts!$A$2:$A$168,0),MATCH(visualization!B18,Liking_8yogurts!$B$1:$I$1,0)) -> 5
A19: C 18 | B19: P1 | C19: =INDEX(Liking_8yogurts!$B$2:$I$168,MATCH(visualization!A19,Liking_8yogurts!$A$2:$A$168,0),MATCH(visualization!B19,Liking_8yogurts!$B$1:$I$1,0)) -> 7
A20: C 19 | B20: P1 | C20: =INDEX(Liking_8yogurts!$B$2:$I$168,MATCH(visualization!A20,Liking_8yogurts!$A$2:$A$168,0),MATCH(visualization!B20,Liking_8yogurts!$B$1:$I$1,0)) -> 2
A21: C 20 | B21: P1 | C21: =INDEX(Liking_8yogurts!$B$2:$I$168,MATCH(visualization!A21,Liking_8yogurts!$A$2:$A$168,0),MATCH(visualization!B21,Liking_8yogurts!$B$1:$I$1,0)) -> 6
A22: C 21 | B22: P1 | C22: =INDEX(Liking_8yogurts!$B$2:$I$168,MATCH(visualization!A22,Liking_8yogurts!$A$2:$A$168,0),MATCH(visualization!B22,Liking_8yogurts!$B$1:$I$1,0)) -> 2
A23: C 22 | B23: P1 | C23: =INDEX(Liking_8yogurts!$B$2:$I$168,MATCH(visualization!A23,Liking_8yogurts!$A$2:$A$168,0),MATCH(visualization!B23,Liking_8yogurts!$B$1:$I$1,0)) -> 6
A24: C 23 | B24: P1 | C24: =INDEX(Liking_8yogurts!$B$2:$I$168,MATCH(visualization!A24,Liking_8yogurts!$A$2:$A$168,0),MATCH(visualization!B24,Liking_8yogurts!$B$1:$I$1,0)) -> 2
... A1337: C 167 | B1337: P8 | C1337: =INDEX(Liking_8yogurts!$B$2:$I$168,MATCH(visualization!A1337,Liking_8yogurts!$A$2:$A$168,0),MATCH(visualization!B1337,Liking_8yogurts!$B$1:$I$1,0)) -> 1
